{
  "melamchi": {
    "mean": 0.505201174263507,
    "std": 2.3371252667199047,
    "p95": 1.5662500000000001,
    "p50": 0.112,
    "min": 0.0,
    "max": 57.673,
    "ecoThreshold": 12
  },
  "chisapani": {
    "mean": 1299.7633492234515,
    "std": 1400.7491783831965,
    "p95": 4162.535175,
    "p50": 526.839845,
    "min": 188.15625,
    "max": 8795.25,
    "ecoThreshold": 280
  }
}